From Date,To Date,PM2.5
01/07/18 0:00,02/07/18 0:00,27.88
02/07/18 0:00,03/07/18 0:00,29.19
03/07/18 0:00,04/07/18 0:00,28.69
04/07/18 0:00,05/07/18 0:00,32.74
05/07/18 0:00,06/07/18 0:00,40.57
06/07/18 0:00,07/07/18 0:00,39.59
07/07/18 0:00,08/07/18 0:00,18.02
08/07/18 0:00,09/07/18 0:00,9.96
09/07/18 0:00,10/07/18 0:00,15.83
10/07/18 0:00,11/07/18 0:00,18.99
11/07/18 0:00,12/07/18 0:00,17.07
12/07/18 0:00,13/07/18 0:00,18.5
13/07/18 0:00,14/07/18 0:00,13.28
14/07/18 0:00,15/07/18 0:00,12.17
15/07/18 0:00,16/07/18 0:00,7.79
16/07/18 0:00,17/07/18 0:00,7.59
17/07/18 0:00,18/07/18 0:00,13.31
18/07/18 0:00,19/07/18 0:00,13.44
19/07/18 0:00,20/07/18 0:00,17.13
20/07/18 0:00,21/07/18 0:00,16.95
21/07/18 0:00,22/07/18 0:00,6.09
22/07/18 0:00,23/07/18 0:00,6.94
23/07/18 0:00,24/07/18 0:00,22.01
24/07/18 0:00,25/07/18 0:00,24.05
25/07/18 0:00,26/07/18 0:00,31.69
26/07/18 0:00,27/07/18 0:00,24.5
27/07/18 0:00,28/07/18 0:00,27.63
28/07/18 0:00,29/07/18 0:00,41.32
29/07/18 0:00,30/07/18 0:00,44.55
30/07/18 0:00,31/07/18 0:00,32.08
31/07/18 0:00,01/08/18 0:00,36.52
01/08/18 0:00,02/08/18 0:00,24.96
02/08/18 0:00,03/08/18 0:00,33.63
03/08/18 0:00,04/08/18 0:00,41.72
04/08/18 0:00,05/08/18 0:00,43
05/08/18 0:00,06/08/18 0:00,32.82
06/08/18 0:00,07/08/18 0:00,33.57
07/08/18 0:00,08/08/18 0:00,15.1
08/08/18 0:00,09/08/18 0:00,17.66
09/08/18 0:00,10/08/18 0:00,17.82
10/08/18 0:00,11/08/18 0:00,22.59
11/08/18 0:00,12/08/18 0:00,18.99
12/08/18 0:00,13/08/18 0:00,15.89
13/08/18 0:00,14/08/18 0:00,13.19
14/08/18 0:00,15/08/18 0:00,11.38
15/08/18 0:00,16/08/18 0:00,6.61
16/08/18 0:00,17/08/18 0:00,12.04
17/08/18 0:00,18/08/18 0:00,16.3
18/08/18 0:00,19/08/18 0:00,17.41
19/08/18 0:00,20/08/18 0:00,26.45
20/08/18 0:00,21/08/18 0:00,11.74
21/08/18 0:00,22/08/18 0:00,8.82
22/08/18 0:00,23/08/18 0:00,23.01
23/08/18 0:00,24/08/18 0:00,30.31
24/08/18 0:00,25/08/18 0:00,30.37
25/08/18 0:00,26/08/18 0:00,20.36
26/08/18 0:00,27/08/18 0:00,7.37
27/08/18 0:00,28/08/18 0:00,7.45
28/08/18 0:00,29/08/18 0:00,11.68
29/08/18 0:00,30/08/18 0:00,14.99
30/08/18 0:00,31/08/18 0:00,29.5
31/08/18 0:00,01/09/18 0:00,33.07
01/09/18 0:00,02/09/18 0:00,12.38
02/09/18 0:00,03/09/18 0:00,18.67
03/09/18 0:00,04/09/18 0:00,34.52
04/09/18 0:00,05/09/18 0:00,48.96
05/09/18 0:00,06/09/18 0:00,28.41
06/09/18 0:00,07/09/18 0:00,10.93
07/09/18 0:00,08/09/18 0:00,15.01
08/09/18 0:00,09/09/18 0:00,20.11
09/09/18 0:00,10/09/18 0:00,19.75
10/09/18 0:00,11/09/18 0:00,28.69
11/09/18 0:00,12/09/18 0:00,36.22
12/09/18 0:00,13/09/18 0:00,47.14
13/09/18 0:00,14/09/18 0:00,56.73
14/09/18 0:00,15/09/18 0:00,56.33
15/09/18 0:00,16/09/18 0:00,57.77
16/09/18 0:00,17/09/18 0:00,60.13
17/09/18 0:00,18/09/18 0:00,66.89
18/09/18 0:00,19/09/18 0:00,61.1
19/09/18 0:00,20/09/18 0:00,60.03
20/09/18 0:00,21/09/18 0:00,17.45
21/09/18 0:00,22/09/18 0:00,7.95
22/09/18 0:00,23/09/18 0:00,16.02
23/09/18 0:00,24/09/18 0:00,19.69
24/09/18 0:00,25/09/18 0:00,21.92
25/09/18 0:00,26/09/18 0:00,36.42
26/09/18 0:00,27/09/18 0:00,45.24
27/09/18 0:00,28/09/18 0:00,57.76
28/09/18 0:00,29/09/18 0:00,63.63
29/09/18 0:00,30/09/18 0:00,61.12
30/09/18 0:00,01/10/18 0:00,66.84
01/10/18 0:00,02/10/18 0:00,71.46
02/10/18 0:00,03/10/18 0:00,61.37
03/10/18 0:00,04/10/18 0:00,61.93
04/10/18 0:00,05/10/18 0:00,78.76
05/10/18 0:00,06/10/18 0:00,95.37
06/10/18 0:00,07/10/18 0:00,101.71
07/10/18 0:00,08/10/18 0:00,100.58
08/10/18 0:00,09/10/18 0:00,98.29
09/10/18 0:00,10/10/18 0:00,48.14
10/10/18 0:00,11/10/18 0:00,8.92
11/10/18 0:00,12/10/18 0:00,9.23
12/10/18 0:00,13/10/18 0:00,17.52
13/10/18 0:00,14/10/18 0:00,22.46
14/10/18 0:00,15/10/18 0:00,37.28
15/10/18 0:00,16/10/18 0:00,47.34
16/10/18 0:00,17/10/18 0:00,60.77
17/10/18 0:00,18/10/18 0:00,85.9
18/10/18 0:00,19/10/18 0:00,80.27
19/10/18 0:00,20/10/18 0:00,83.88
20/10/18 0:00,21/10/18 0:00,99.59
21/10/18 0:00,22/10/18 0:00,97.27
22/10/18 0:00,23/10/18 0:00,100.56
23/10/18 0:00,24/10/18 0:00,107.16
24/10/18 0:00,25/10/18 0:00,99.69
25/10/18 0:00,26/10/18 0:00,93.5
26/10/18 0:00,27/10/18 0:00,123.05
27/10/18 0:00,28/10/18 0:00,105.31
28/10/18 0:00,29/10/18 0:00,80.78
29/10/18 0:00,30/10/18 0:00,27.61
30/10/18 0:00,31/10/18 0:00,16.99
31/10/18 0:00,01/11/18 0:00,9.55
01/11/18 0:00,02/11/18 0:00,23.12
02/11/18 0:00,03/11/18 0:00,31.95
03/11/18 0:00,04/11/18 0:00,41.91
04/11/18 0:00,05/11/18 0:00,30.32
05/11/18 0:00,06/11/18 0:00,32.32
06/11/18 0:00,07/11/18 0:00,107.73
07/11/18 0:00,08/11/18 0:00,196.9
08/11/18 0:00,09/11/18 0:00,297.54
09/11/18 0:00,10/11/18 0:00,145.31
10/11/18 0:00,11/11/18 0:00,144.66
11/11/18 0:00,12/11/18 0:00,108.51
12/11/18 0:00,13/11/18 0:00,111.88
13/11/18 0:00,14/11/18 0:00,156.97
14/11/18 0:00,15/11/18 0:00,149.99
15/11/18 0:00,16/11/18 0:00,125.19
16/11/18 0:00,17/11/18 0:00,108.15
17/11/18 0:00,18/11/18 0:00,103.38
18/11/18 0:00,19/11/18 0:00,106.69
19/11/18 0:00,20/11/18 0:00,117.35
20/11/18 0:00,21/11/18 0:00,153.87
21/11/18 0:00,22/11/18 0:00,146.53
22/11/18 0:00,23/11/18 0:00,186.19
23/11/18 0:00,24/11/18 0:00,151.15
24/11/18 0:00,25/11/18 0:00,186.93
25/11/18 0:00,26/11/18 0:00,217.11
26/11/18 0:00,27/11/18 0:00,144.71
27/11/18 0:00,28/11/18 0:00,79.16
28/11/18 0:00,29/11/18 0:00,80.5
29/11/18 0:00,30/11/18 0:00,82.91
30/11/18 0:00,01/12/18 0:00,94.39
01/12/18 0:00,02/12/18 0:00,130.83
02/12/18 0:00,03/12/18 0:00,113.02
03/12/18 0:00,04/12/18 0:00,141.83
04/12/18 0:00,05/12/18 0:00,162.65
05/12/18 0:00,06/12/18 0:00,201.35
06/12/18 0:00,07/12/18 0:00,203.97
07/12/18 0:00,08/12/18 0:00,242.28
08/12/18 0:00,09/12/18 0:00,247.43
09/12/18 0:00,10/12/18 0:00,197.6
10/12/18 0:00,11/12/18 0:00,159.64
11/12/18 0:00,12/12/18 0:00,172.42
12/12/18 0:00,13/12/18 0:00,146.63
13/12/18 0:00,14/12/18 0:00,105.65
14/12/18 0:00,15/12/18 0:00,108.97
15/12/18 0:00,16/12/18 0:00,99.61
16/12/18 0:00,17/12/18 0:00,102.83
17/12/18 0:00,18/12/18 0:00,85.69
18/12/18 0:00,19/12/18 0:00,43.92
19/12/18 0:00,20/12/18 0:00,54.26
20/12/18 0:00,21/12/18 0:00,91.95
21/12/18 0:00,22/12/18 0:00,158.33
22/12/18 0:00,23/12/18 0:00,196.91
23/12/18 0:00,24/12/18 0:00,156.75
24/12/18 0:00,25/12/18 0:00,124.88
25/12/18 0:00,26/12/18 0:00,179.25
26/12/18 0:00,27/12/18 0:00,182.25
27/12/18 0:00,28/12/18 0:00,237.9
28/12/18 0:00,29/12/18 0:00,192.34
29/12/18 0:00,30/12/18 0:00,206.17
30/12/18 0:00,31/12/18 0:00,162.21
31/12/18 0:00,01/01/19 0:00,139.22
01/01/19 0:00,02/01/19 0:00,177.49
02/01/19 0:00,03/01/19 0:00,155.74
03/01/19 0:00,04/01/19 0:00,201.3
04/01/19 0:00,05/01/19 0:00,217.8
05/01/19 0:00,06/01/19 0:00,183.2
06/01/19 0:00,07/01/19 0:00,137.43
07/01/19 0:00,08/01/19 0:00,132.88
08/01/19 0:00,09/01/19 0:00,162.02
09/01/19 0:00,10/01/19 0:00,177.18
10/01/19 0:00,11/01/19 0:00,189.24
11/01/19 0:00,12/01/19 0:00,183.65
12/01/19 0:00,13/01/19 0:00,265.07
13/01/19 0:00,14/01/19 0:00,187.31
14/01/19 0:00,15/01/19 0:00,273.94
15/01/19 0:00,16/01/19 0:00,212.87
16/01/19 0:00,17/01/19 0:00,124.97
17/01/19 0:00,18/01/19 0:00,161.76
18/01/19 0:00,19/01/19 0:00,182.85
19/01/19 0:00,20/01/19 0:00,205.36
20/01/19 0:00,21/01/19 0:00,189.44
21/01/19 0:00,22/01/19 0:00,208.46
22/01/19 0:00,23/01/19 0:00,276.14
23/01/19 0:00,24/01/19 0:00,218.35
24/01/19 0:00,25/01/19 0:00,163.83
25/01/19 0:00,26/01/19 0:00,121.89
26/01/19 0:00,27/01/19 0:00,102.23
27/01/19 0:00,28/01/19 0:00,89.58
28/01/19 0:00,29/01/19 0:00,81.6
29/01/19 0:00,30/01/19 0:00,78.76
30/01/19 0:00,31/01/19 0:00,80.86
31/01/19 0:00,01/02/19 0:00,132.67
01/02/19 0:00,02/02/19 0:00,136.72
02/02/19 0:00,03/02/19 0:00,155.57
03/02/19 0:00,04/02/19 0:00,137.33
04/02/19 0:00,05/02/19 0:00,127.67
05/02/19 0:00,06/02/19 0:00,142.52
06/02/19 0:00,07/02/19 0:00,151.02
07/02/19 0:00,08/02/19 0:00,145.88
08/02/19 0:00,09/02/19 0:00,104.72
09/02/19 0:00,10/02/19 0:00,83.96
10/02/19 0:00,11/02/19 0:00,44.93
11/02/19 0:00,12/02/19 0:00,69.04
12/02/19 0:00,13/02/19 0:00,100.1
13/02/19 0:00,14/02/19 0:00,114.96
14/02/19 0:00,15/02/19 0:00,163.78
15/02/19 0:00,16/02/19 0:00,149.02
16/02/19 0:00,17/02/19 0:00,79.31
17/02/19 0:00,18/02/19 0:00,66.7
18/02/19 0:00,19/02/19 0:00,85.09
19/02/19 0:00,20/02/19 0:00,100.09
20/02/19 0:00,21/02/19 0:00,71.52
21/02/19 0:00,22/02/19 0:00,105.63
22/02/19 0:00,23/02/19 0:00,66.12
23/02/19 0:00,24/02/19 0:00,86.82
24/02/19 0:00,25/02/19 0:00,93.8
25/02/19 0:00,26/02/19 0:00,52.2
26/02/19 0:00,27/02/19 0:00,33.51
27/02/19 0:00,28/02/19 0:00,18.33
28/02/19 0:00,01/03/19 0:00,24.14
01/03/19 0:00,02/03/19 0:00,45.26
02/03/19 0:00,03/03/19 0:00,64.28
03/03/19 0:00,04/03/19 0:00,86.72
04/03/19 0:00,05/03/19 0:00,55.78
05/03/19 0:00,06/03/19 0:00,41.43
06/03/19 0:00,07/03/19 0:00,56.11
07/03/19 0:00,08/03/19 0:00,70.82
08/03/19 0:00,09/03/19 0:00,66.18
09/03/19 0:00,10/03/19 0:00,62.47
10/03/19 0:00,11/03/19 0:00,43.82
11/03/19 0:00,12/03/19 0:00,51.16
12/03/19 0:00,13/03/19 0:00,71.65
13/03/19 0:00,14/03/19 0:00,63.98
14/03/19 0:00,15/03/19 0:00,84.75
15/03/19 0:00,16/03/19 0:00,78.3
16/03/19 0:00,17/03/19 0:00,44.52
17/03/19 0:00,18/03/19 0:00,59.48
18/03/19 0:00,19/03/19 0:00,34.39
19/03/19 0:00,20/03/19 0:00,49.29
20/03/19 0:00,21/03/19 0:00,48.08
21/03/19 0:00,22/03/19 0:00,42.45
22/03/19 0:00,23/03/19 0:00,39.86
23/03/19 0:00,24/03/19 0:00,52.82
24/03/19 0:00,25/03/19 0:00,63.36
25/03/19 0:00,26/03/19 0:00,77.21
26/03/19 0:00,27/03/19 0:00,59.28
27/03/19 0:00,28/03/19 0:00,46.45
28/03/19 0:00,29/03/19 0:00,43.55
29/03/19 0:00,30/03/19 0:00,37.61
30/03/19 0:00,31/03/19 0:00,36.44
31/03/19 0:00,01/04/19 0:00,41.12
01/04/19 0:00,02/04/19 0:00,20.79
02/04/19 0:00,03/04/19 0:00,34.95
03/04/19 0:00,04/04/19 0:00,31.28
04/04/19 0:00,05/04/19 0:00,34.09
05/04/19 0:00,06/04/19 0:00,33.32
06/04/19 0:00,07/04/19 0:00,34.95
07/04/19 0:00,08/04/19 0:00,27.37
08/04/19 0:00,09/04/19 0:00,26.21
09/04/19 0:00,10/04/19 0:00,26.89
10/04/19 0:00,11/04/19 0:00,18.97
11/04/19 0:00,12/04/19 0:00,27.51
12/04/19 0:00,13/04/19 0:00,28.02
13/04/19 0:00,14/04/19 0:00,32.45
14/04/19 0:00,15/04/19 0:00,32.25
15/04/19 0:00,16/04/19 0:00,28.75
16/04/19 0:00,17/04/19 0:00,35.91
17/04/19 0:00,18/04/19 0:00,64.34
18/04/19 0:00,19/04/19 0:00,64.52
19/04/19 0:00,20/04/19 0:00,45.5
20/04/19 0:00,21/04/19 0:00,37.29
21/04/19 0:00,22/04/19 0:00,29.88
22/04/19 0:00,23/04/19 0:00,39.41
23/04/19 0:00,24/04/19 0:00,29.69
24/04/19 0:00,25/04/19 0:00,26.23
25/04/19 0:00,26/04/19 0:00,23.12
26/04/19 0:00,27/04/19 0:00,32.31
27/04/19 0:00,28/04/19 0:00,35.59
28/04/19 0:00,29/04/19 0:00,25.58
29/04/19 0:00,30/04/19 0:00,22.39
30/04/19 0:00,01/05/19 0:00,16.24
01/05/19 0:00,02/05/19 0:00,13.53
02/05/19 0:00,03/05/19 0:00,13.16
03/05/19 0:00,04/05/19 0:00,16.05
04/05/19 0:00,05/05/19 0:00,20.97
05/05/19 0:00,06/05/19 0:00,50.44
06/05/19 0:00,07/05/19 0:00,50.64
07/05/19 0:00,08/05/19 0:00,53.28
08/05/19 0:00,09/05/19 0:00,59.71
09/05/19 0:00,10/05/19 0:00,58.08
10/05/19 0:00,11/05/19 0:00,55.97
11/05/19 0:00,12/05/19 0:00,48.04
12/05/19 0:00,13/05/19 0:00,48.33
13/05/19 0:00,14/05/19 0:00,42.09
14/05/19 0:00,15/05/19 0:00,32.18
15/05/19 0:00,16/05/19 0:00,36.49
16/05/19 0:00,17/05/19 0:00,38.99
17/05/19 0:00,18/05/19 0:00,45.16
18/05/19 0:00,19/05/19 0:00,42.62
19/05/19 0:00,20/05/19 0:00,44.79
20/05/19 0:00,21/05/19 0:00,39.6
21/05/19 0:00,22/05/19 0:00,29.08
22/05/19 0:00,23/05/19 0:00,35.68
23/05/19 0:00,24/05/19 0:00,30.04
24/05/19 0:00,25/05/19 0:00,27.54
25/05/19 0:00,26/05/19 0:00,23.5
26/05/19 0:00,27/05/19 0:00,33.28
27/05/19 0:00,28/05/19 0:00,40.67
28/05/19 0:00,29/05/19 0:00,37.05
29/05/19 0:00,30/05/19 0:00,38.28
30/05/19 0:00,31/05/19 0:00,35.13
31/05/19 0:00,01/06/19 0:00,28.96
01/06/19 0:00,02/06/19 0:00,30.82
02/06/19 0:00,03/06/19 0:00,27.43
03/06/19 0:00,04/06/19 0:00,28
04/06/19 0:00,05/06/19 0:00,33.8
05/06/19 0:00,06/06/19 0:00,23.58
06/06/19 0:00,07/06/19 0:00,19.66
07/06/19 0:00,08/06/19 0:00,15.98
08/06/19 0:00,09/06/19 0:00,13.71
09/06/19 0:00,10/06/19 0:00,23.56
10/06/19 0:00,11/06/19 0:00,24.23
11/06/19 0:00,12/06/19 0:00,25.53
12/06/19 0:00,13/06/19 0:00,26.94
13/06/19 0:00,14/06/19 0:00,35.61
14/06/19 0:00,15/06/19 0:00,39.67
15/06/19 0:00,16/06/19 0:00,40.77
16/06/19 0:00,17/06/19 0:00,26.12
17/06/19 0:00,18/06/19 0:00,40.86
18/06/19 0:00,19/06/19 0:00,40.34
19/06/19 0:00,20/06/19 0:00,45.88
20/06/19 0:00,21/06/19 0:00,35.41
21/06/19 0:00,22/06/19 0:00,18.28
22/06/19 0:00,23/06/19 0:00,16.95
23/06/19 0:00,24/06/19 0:00,16.39
24/06/19 0:00,25/06/19 0:00,19.87
25/06/19 0:00,26/06/19 0:00,15.62
26/06/19 0:00,27/06/19 0:00,16.13
27/06/19 0:00,28/06/19 0:00,17.49
28/06/19 0:00,29/06/19 0:00,24.06
29/06/19 0:00,30/06/19 0:00,34.52
30/06/19 0:00,01/07/19 0:00,36.5
01/07/19 0:00,02/07/19 0:00,17.36
02/07/19 0:00,03/07/19 0:00,14.34
03/07/19 0:00,04/07/19 0:00,15.44
04/07/19 0:00,05/07/19 0:00,25.59
05/07/19 0:00,06/07/19 0:00,19.7
06/07/19 0:00,07/07/19 0:00,20.38
07/07/19 0:00,08/07/19 0:00,13.27
08/07/19 0:00,09/07/19 0:00,20.54
09/07/19 0:00,10/07/19 0:00,22.99
10/07/19 0:00,11/07/19 0:00,22.21
11/07/19 0:00,12/07/19 0:00,25.16
12/07/19 0:00,13/07/19 0:00,25.91
13/07/19 0:00,14/07/19 0:00,31.38
14/07/19 0:00,15/07/19 0:00,33.63
15/07/19 0:00,16/07/19 0:00,40.72
16/07/19 0:00,17/07/19 0:00,40.38
17/07/19 0:00,18/07/19 0:00,56.43
18/07/19 0:00,19/07/19 0:00,38.62
19/07/19 0:00,20/07/19 0:00,14.47
20/07/19 0:00,21/07/19 0:00,19.59
21/07/19 0:00,22/07/19 0:00,19.59
22/07/19 0:00,23/07/19 0:00,13.14
23/07/19 0:00,24/07/19 0:00,14.79
24/07/19 0:00,25/07/19 0:00,11.6
25/07/19 0:00,26/07/19 0:00,32.92
26/07/19 0:00,27/07/19 0:00,27.03
27/07/19 0:00,28/07/19 0:00,22.39
28/07/19 0:00,29/07/19 0:00,11.5
29/07/19 0:00,30/07/19 0:00,11.44
30/07/19 0:00,31/07/19 0:00,19.79
31/07/19 0:00,01/08/19 0:00,19.89
01/08/19 0:00,02/08/19 0:00,20.43
02/08/19 0:00,03/08/19 0:00,15.87
03/08/19 0:00,04/08/19 0:00,19.29
04/08/19 0:00,05/08/19 0:00,38.79
05/08/19 0:00,06/08/19 0:00,30.29
06/08/19 0:00,07/08/19 0:00,21.8
07/08/19 0:00,08/08/19 0:00,11.17
08/08/19 0:00,09/08/19 0:00,11.51
09/08/19 0:00,10/08/19 0:00,21.15
10/08/19 0:00,11/08/19 0:00,26.81
11/08/19 0:00,12/08/19 0:00,37.13
12/08/19 0:00,13/08/19 0:00,27.2
13/08/19 0:00,14/08/19 0:00,15.04
14/08/19 0:00,15/08/19 0:00,30.61
15/08/19 0:00,16/08/19 0:00,26.27
16/08/19 0:00,17/08/19 0:00,29.61
17/08/19 0:00,18/08/19 0:00,22.71
18/08/19 0:00,19/08/19 0:00,19.94
19/08/19 0:00,20/08/19 0:00,19.23
20/08/19 0:00,21/08/19 0:00,27.15
21/08/19 0:00,22/08/19 0:00,29.64
22/08/19 0:00,23/08/19 0:00,30.78
23/08/19 0:00,24/08/19 0:00,21.72
24/08/19 0:00,25/08/19 0:00,22.77
25/08/19 0:00,26/08/19 0:00,14.27
26/08/19 0:00,27/08/19 0:00,14.67
27/08/19 0:00,28/08/19 0:00,18.71
28/08/19 0:00,29/08/19 0:00,25.98
29/08/19 0:00,30/08/19 0:00,16.67
30/08/19 0:00,31/08/19 0:00,20.26
31/08/19 0:00,01/09/19 0:00,16.63
01/09/19 0:00,02/09/19 0:00,33.32
02/09/19 0:00,03/09/19 0:00,17.72
03/09/19 0:00,04/09/19 0:00,11.79
04/09/19 0:00,05/09/19 0:00,12.03
05/09/19 0:00,06/09/19 0:00,11.61
06/09/19 0:00,07/09/19 0:00,9.27
07/09/19 0:00,08/09/19 0:00,13.86
08/09/19 0:00,09/09/19 0:00,14.45
09/09/19 0:00,10/09/19 0:00,22.44
10/09/19 0:00,11/09/19 0:00,27.24
11/09/19 0:00,12/09/19 0:00,20.36
12/09/19 0:00,13/09/19 0:00,23.28
13/09/19 0:00,14/09/19 0:00,18.59
14/09/19 0:00,15/09/19 0:00,28.98
15/09/19 0:00,16/09/19 0:00,27.43
16/09/19 0:00,17/09/19 0:00,28.33
17/09/19 0:00,18/09/19 0:00,22.98
18/09/19 0:00,19/09/19 0:00,12.78
19/09/19 0:00,20/09/19 0:00,10.16
20/09/19 0:00,21/09/19 0:00,22.82
21/09/19 0:00,22/09/19 0:00,32.58
22/09/19 0:00,23/09/19 0:00,21.87
23/09/19 0:00,24/09/19 0:00,15.56
24/09/19 0:00,25/09/19 0:00,8.77
25/09/19 0:00,26/09/19 0:00,15.01
26/09/19 0:00,27/09/19 0:00,18.12
27/09/19 0:00,28/09/19 0:00,20.19
28/09/19 0:00,29/09/19 0:00,20.91
29/09/19 0:00,30/09/19 0:00,15.05
30/09/19 0:00,01/10/19 0:00,18.58
01/10/19 0:00,02/10/19 0:00,27.2
02/10/19 0:00,03/10/19 0:00,50.76
03/10/19 0:00,04/10/19 0:00,7.82
04/10/19 0:00,05/10/19 0:00,28.27
05/10/19 0:00,06/10/19 0:00,36.49
06/10/19 0:00,07/10/19 0:00,41.8
07/10/19 0:00,08/10/19 0:00,35.58
08/10/19 0:00,09/10/19 0:00,26.26
09/10/19 0:00,10/10/19 0:00,13.05
10/10/19 0:00,11/10/19 0:00,18.19
11/10/19 0:00,12/10/19 0:00,44.71
12/10/19 0:00,13/10/19 0:00,56.77
13/10/19 0:00,14/10/19 0:00,71.69
14/10/19 0:00,15/10/19 0:00,74.06
15/10/19 0:00,16/10/19 0:00,67.65
16/10/19 0:00,17/10/19 0:00,62.97
17/10/19 0:00,18/10/19 0:00,58.92
18/10/19 0:00,19/10/19 0:00,78.45
19/10/19 0:00,20/10/19 0:00,76.49
20/10/19 0:00,21/10/19 0:00,69.17
21/10/19 0:00,22/10/19 0:00,97.34
22/10/19 0:00,23/10/19 0:00,75.7
23/10/19 0:00,24/10/19 0:00,115.77
24/10/19 0:00,25/10/19 0:00,39.9
25/10/19 0:00,26/10/19 0:00,15.26
26/10/19 0:00,27/10/19 0:00,32.24
27/10/19 0:00,28/10/19 0:00,65.35
28/10/19 0:00,29/10/19 0:00,112.67
29/10/19 0:00,30/10/19 0:00,88.64
30/10/19 0:00,31/10/19 0:00,101.77
31/10/19 0:00,01/11/19 0:00,112.71
01/11/19 0:00,02/11/19 0:00,104.5
02/11/19 0:00,03/11/19 0:00,45.07
03/11/19 0:00,04/11/19 0:00,61.09
04/11/19 0:00,05/11/19 0:00,78.32
05/11/19 0:00,06/11/19 0:00,133.86
06/11/19 0:00,07/11/19 0:00,138.76
07/11/19 0:00,08/11/19 0:00,84.11
08/11/19 0:00,09/11/19 0:00,44.38
09/11/19 0:00,10/11/19 0:00,12.4
10/11/19 0:00,11/11/19 0:00,18.45
11/11/19 0:00,12/11/19 0:00,31.1
12/11/19 0:00,13/11/19 0:00,90.74
13/11/19 0:00,14/11/19 0:00,99.91
14/11/19 0:00,15/11/19 0:00,69.71
15/11/19 0:00,16/11/19 0:00,68.25
16/11/19 0:00,17/11/19 0:00,76.38
17/11/19 0:00,18/11/19 0:00,80.5
18/11/19 0:00,19/11/19 0:00,100.43
19/11/19 0:00,20/11/19 0:00,88.8
20/11/19 0:00,21/11/19 0:00,99
21/11/19 0:00,22/11/19 0:00,87.97
22/11/19 0:00,23/11/19 0:00,85.06
23/11/19 0:00,24/11/19 0:00,97.17
24/11/19 0:00,25/11/19 0:00,116.38
25/11/19 0:00,26/11/19 0:00,116.4
26/11/19 0:00,27/11/19 0:00,120.24
27/11/19 0:00,28/11/19 0:00,110.21
28/11/19 0:00,29/11/19 0:00,68.62
29/11/19 0:00,30/11/19 0:00,89.24
30/11/19 0:00,01/12/19 0:00,117.62
01/12/19 0:00,02/12/19 0:00,96.03
02/12/19 0:00,03/12/19 0:00,88.68
03/12/19 0:00,04/12/19 0:00,95.77
04/12/19 0:00,05/12/19 0:00,105.14
05/12/19 0:00,06/12/19 0:00,80.12
06/12/19 0:00,07/12/19 0:00,70.88
07/12/19 0:00,08/12/19 0:00,65.08
08/12/19 0:00,09/12/19 0:00,73.5
09/12/19 0:00,10/12/19 0:00,55.81
10/12/19 0:00,11/12/19 0:00,57.9
11/12/19 0:00,12/12/19 0:00,63.7
12/12/19 0:00,13/12/19 0:00,58.06
13/12/19 0:00,14/12/19 0:00,94.1
14/12/19 0:00,15/12/19 0:00,113.28
15/12/19 0:00,16/12/19 0:00,90.49
16/12/19 0:00,17/12/19 0:00,57.16
17/12/19 0:00,18/12/19 0:00,68.35
18/12/19 0:00,19/12/19 0:00,67.03
19/12/19 0:00,20/12/19 0:00,69.82
20/12/19 0:00,21/12/19 0:00,86.89
21/12/19 0:00,22/12/19 0:00,138.83
22/12/19 0:00,23/12/19 0:00,123.28
23/12/19 0:00,24/12/19 0:00,134.56
24/12/19 0:00,25/12/19 0:00,136.87
25/12/19 0:00,26/12/19 0:00,127.62
26/12/19 0:00,27/12/19 0:00,124.16
27/12/19 0:00,28/12/19 0:00,85.83
28/12/19 0:00,29/12/19 0:00,128.67
29/12/19 0:00,30/12/19 0:00,98.89
30/12/19 0:00,31/12/19 0:00,121.3
31/12/19 0:00,01/01/20 0:00,129.71
01/01/20 0:00,02/01/20 0:00,134
02/01/20 0:00,03/01/20 0:00,121.78
03/01/20 0:00,04/01/20 0:00,55.62
04/01/20 0:00,05/01/20 0:00,51.65
05/01/20 0:00,06/01/20 0:00,92.84
06/01/20 0:00,07/01/20 0:00,102.97
07/01/20 0:00,08/01/20 0:00,105.04
08/01/20 0:00,09/01/20 0:00,124.97
09/01/20 0:00,10/01/20 0:00,88.78
10/01/20 0:00,11/01/20 0:00,84.9
11/01/20 0:00,12/01/20 0:00,82.18
12/01/20 0:00,13/01/20 0:00,85.54
13/01/20 0:00,14/01/20 0:00,95.76
14/01/20 0:00,15/01/20 0:00,171.67
15/01/20 0:00,16/01/20 0:00,190.61
16/01/20 0:00,17/01/20 0:00,175.09
17/01/20 0:00,18/01/20 0:00,116.22
18/01/20 0:00,19/01/20 0:00,92.58
19/01/20 0:00,20/01/20 0:00,90.63
20/01/20 0:00,21/01/20 0:00,73.59
21/01/20 0:00,22/01/20 0:00,95.62
22/01/20 0:00,23/01/20 0:00,124.28
23/01/20 0:00,24/01/20 0:00,122.56
24/01/20 0:00,25/01/20 0:00,87.07
25/01/20 0:00,26/01/20 0:00,73.85
26/01/20 0:00,27/01/20 0:00,126.39
27/01/20 0:00,28/01/20 0:00,125.38
28/01/20 0:00,29/01/20 0:00,131.47
29/01/20 0:00,30/01/20 0:00,53.42
30/01/20 0:00,31/01/20 0:00,63.4
31/01/20 0:00,01/02/20 0:00,79.91
01/02/20 0:00,02/02/20 0:00,74.42
02/02/20 0:00,03/02/20 0:00,None
03/02/20 0:00,04/02/20 0:00,53.58
04/02/20 0:00,05/02/20 0:00,93.93
05/02/20 0:00,06/02/20 0:00,106.02
06/02/20 0:00,07/02/20 0:00,79.74
07/02/20 0:00,08/02/20 0:00,91.13
08/02/20 0:00,09/02/20 0:00,124.25
09/02/20 0:00,10/02/20 0:00,93.48
10/02/20 0:00,11/02/20 0:00,86.91
11/02/20 0:00,12/02/20 0:00,117.36
12/02/20 0:00,13/02/20 0:00,112.17
13/02/20 0:00,14/02/20 0:00,106.35
14/02/20 0:00,15/02/20 0:00,113.43
15/02/20 0:00,16/02/20 0:00,65.68
16/02/20 0:00,17/02/20 0:00,96.14
17/02/20 0:00,18/02/20 0:00,94.41
18/02/20 0:00,19/02/20 0:00,91.9
19/02/20 0:00,20/02/20 0:00,79.36
20/02/20 0:00,21/02/20 0:00,54.13
21/02/20 0:00,22/02/20 0:00,83.83
22/02/20 0:00,23/02/20 0:00,116.09
23/02/20 0:00,24/02/20 0:00,96.66
24/02/20 0:00,25/02/20 0:00,107.16
25/02/20 0:00,26/02/20 0:00,77.84
26/02/20 0:00,27/02/20 0:00,40.53
27/02/20 0:00,28/02/20 0:00,44.97
28/02/20 0:00,29/02/20 0:00,69.96
29/02/20 0:00,01/03/20 0:00,74.36
01/03/20 0:00,02/03/20 0:00,93.51
02/03/20 0:00,03/03/20 0:00,98.42
03/03/20 0:00,04/03/20 0:00,77.32
04/03/20 0:00,05/03/20 0:00,46.72
05/03/20 0:00,06/03/20 0:00,30.21
06/03/20 0:00,07/03/20 0:00,32.91
07/03/20 0:00,08/03/20 0:00,30.91
08/03/20 0:00,09/03/20 0:00,35.73
09/03/20 0:00,10/03/20 0:00,54.52
10/03/20 0:00,11/03/20 0:00,65.17
11/03/20 0:00,12/03/20 0:00,51.58
12/03/20 0:00,13/03/20 0:00,55.99
13/03/20 0:00,14/03/20 0:00,54.84
14/03/20 0:00,15/03/20 0:00,44.12
15/03/20 0:00,16/03/20 0:00,22.86
16/03/20 0:00,17/03/20 0:00,56.95
17/03/20 0:00,18/03/20 0:00,61.62
18/03/20 0:00,19/03/20 0:00,76.37
19/03/20 0:00,20/03/20 0:00,74.15
20/03/20 0:00,21/03/20 0:00,33.76
21/03/20 0:00,22/03/20 0:00,36.7
22/03/20 0:00,23/03/20 0:00,13.84
23/03/20 0:00,24/03/20 0:00,23.6
24/03/20 0:00,25/03/20 0:00,27.91
25/03/20 0:00,26/03/20 0:00,40.68
26/03/20 0:00,27/03/20 0:00,28.77
27/03/20 0:00,28/03/20 0:00,41.37
28/03/20 0:00,29/03/20 0:00,38.37
29/03/20 0:00,30/03/20 0:00,32.33
30/03/20 0:00,31/03/20 0:00,33.39
31/03/20 0:00,01/04/20 0:00,34.9
01/04/20 0:00,02/04/20 0:00,42.91
02/04/20 0:00,03/04/20 0:00,35.89
03/04/20 0:00,04/04/20 0:00,38.46
04/04/20 0:00,05/04/20 0:00,49.61
05/04/20 0:00,06/04/20 0:00,40.93
06/04/20 0:00,07/04/20 0:00,33.52
07/04/20 0:00,08/04/20 0:00,38.89
08/04/20 0:00,09/04/20 0:00,25.45
09/04/20 0:00,10/04/20 0:00,21.51
10/04/20 0:00,11/04/20 0:00,20.17
11/04/20 0:00,12/04/20 0:00,20.89
12/04/20 0:00,13/04/20 0:00,24.77
13/04/20 0:00,14/04/20 0:00,25.23
14/04/20 0:00,15/04/20 0:00,27.02
15/04/20 0:00,16/04/20 0:00,24.59
16/04/20 0:00,17/04/20 0:00,29.64
17/04/20 0:00,18/04/20 0:00,22.39
18/04/20 0:00,19/04/20 0:00,20.22
19/04/20 0:00,20/04/20 0:00,13.21
20/04/20 0:00,21/04/20 0:00,15.1
21/04/20 0:00,22/04/20 0:00,11.45
22/04/20 0:00,23/04/20 0:00,15.18
23/04/20 0:00,24/04/20 0:00,15.81
24/04/20 0:00,25/04/20 0:00,11.48
25/04/20 0:00,26/04/20 0:00,15.05
26/04/20 0:00,27/04/20 0:00,16.31
27/04/20 0:00,28/04/20 0:00,11.57
28/04/20 0:00,29/04/20 0:00,9.2
29/04/20 0:00,30/04/20 0:00,17.25
30/04/20 0:00,01/05/20 0:00,15.23
01/05/20 0:00,02/05/20 0:00,10.14
02/05/20 0:00,03/05/20 0:00,19.5
03/05/20 0:00,04/05/20 0:00,18.65
04/05/20 0:00,05/05/20 0:00,22.46
05/05/20 0:00,06/05/20 0:00,19.04
06/05/20 0:00,07/05/20 0:00,11.82
07/05/20 0:00,08/05/20 0:00,16.27
08/05/20 0:00,09/05/20 0:00,15.58
09/05/20 0:00,10/05/20 0:00,20.58
10/05/20 0:00,11/05/20 0:00,20.06
11/05/20 0:00,12/05/20 0:00,14.47
12/05/20 0:00,13/05/20 0:00,None
13/05/20 0:00,14/05/20 0:00,None
14/05/20 0:00,15/05/20 0:00,None
15/05/20 0:00,16/05/20 0:00,None
16/05/20 0:00,17/05/20 0:00,None
17/05/20 0:00,18/05/20 0:00,None
18/05/20 0:00,19/05/20 0:00,None
19/05/20 0:00,20/05/20 0:00,None
20/05/20 0:00,21/05/20 0:00,None
21/05/20 0:00,22/05/20 0:00,None
22/05/20 0:00,23/05/20 0:00,26.21
23/05/20 0:00,24/05/20 0:00,21.63
24/05/20 0:00,25/05/20 0:00,17.03
25/05/20 0:00,26/05/20 0:00,17.75
26/05/20 0:00,27/05/20 0:00,17.19
27/05/20 0:00,28/05/20 0:00,6.84
28/05/20 0:00,29/05/20 0:00,13.5
29/05/20 0:00,30/05/20 0:00,15.51
30/05/20 0:00,31/05/20 0:00,15.03
31/05/20 0:00,01/06/20 0:00,13.79
01/06/20 0:00,02/06/20 0:00,13.55
02/06/20 0:00,03/06/20 0:00,16.96
03/06/20 0:00,04/06/20 0:00,15.94
04/06/20 0:00,05/06/20 0:00,16.45
05/06/20 0:00,06/06/20 0:00,14.04
06/06/20 0:00,07/06/20 0:00,17.57
07/06/20 0:00,08/06/20 0:00,23.52
08/06/20 0:00,09/06/20 0:00,24.1
09/06/20 0:00,10/06/20 0:00,22.47
10/06/20 0:00,11/06/20 0:00,16.52
11/06/20 0:00,12/06/20 0:00,7.71
12/06/20 0:00,13/06/20 0:00,8.25
13/06/20 0:00,14/06/20 0:00,12.84
14/06/20 0:00,15/06/20 0:00,11.13
15/06/20 0:00,16/06/20 0:00,13.52
16/06/20 0:00,17/06/20 0:00,14.49
17/06/20 0:00,18/06/20 0:00,16.15
18/06/20 0:00,19/06/20 0:00,16.72
19/06/20 0:00,20/06/20 0:00,18.49
20/06/20 0:00,21/06/20 0:00,10.76
21/06/20 0:00,22/06/20 0:00,11.76
22/06/20 0:00,23/06/20 0:00,15.17
23/06/20 0:00,24/06/20 0:00,19.47
24/06/20 0:00,25/06/20 0:00,20.02
25/06/20 0:00,26/06/20 0:00,16.93
26/06/20 0:00,27/06/20 0:00,9.42
27/06/20 0:00,28/06/20 0:00,8.67
28/06/20 0:00,29/06/20 0:00,11.75
29/06/20 0:00,30/06/20 0:00,19.51
30/06/20 0:00,01/07/20 0:00,15.6
01/07/20 0:00,02/07/20 0:00,12.25
02/07/20 0:00,03/07/20 0:00,12.61
03/07/20 0:00,04/07/20 0:00,10.11
04/07/20 0:00,05/07/20 0:00,7.99
05/07/20 0:00,06/07/20 0:00,7.42
06/07/20 0:00,07/07/20 0:00,10.1
07/07/20 0:00,08/07/20 0:00,12.82
08/07/20 0:00,09/07/20 0:00,21.28
09/07/20 0:00,10/07/20 0:00,15.33
10/07/20 0:00,11/07/20 0:00,11.29
11/07/20 0:00,12/07/20 0:00,12.54
12/07/20 0:00,13/07/20 0:00,20.79
13/07/20 0:00,14/07/20 0:00,21.99
14/07/20 0:00,15/07/20 0:00,15.81
15/07/20 0:00,16/07/20 0:00,13.47
16/07/20 0:00,17/07/20 0:00,6.91
17/07/20 0:00,18/07/20 0:00,5.12
18/07/20 0:00,19/07/20 0:00,7.07
19/07/20 0:00,20/07/20 0:00,None
20/07/20 0:00,21/07/20 0:00,6.65
21/07/20 0:00,22/07/20 0:00,10.61
22/07/20 0:00,23/07/20 0:00,14.29
23/07/20 0:00,24/07/20 0:00,7.35
24/07/20 0:00,25/07/20 0:00,17.05
25/07/20 0:00,26/07/20 0:00,13.59
26/07/20 0:00,27/07/20 0:00,14.81
27/07/20 0:00,28/07/20 0:00,21.72
28/07/20 0:00,29/07/20 0:00,26.98
29/07/20 0:00,30/07/20 0:00,6.6
30/07/20 0:00,31/07/20 0:00,9.21
31/07/20 0:00,01/08/20 0:00,9.72
01/08/20 0:00,02/08/20 0:00,6.98
02/08/20 0:00,03/08/20 0:00,16.05
03/08/20 0:00,04/08/20 0:00,37.78
04/08/20 0:00,05/08/20 0:00,27.75
05/08/20 0:00,06/08/20 0:00,5.11
06/08/20 0:00,07/08/20 0:00,9.97
07/08/20 0:00,08/08/20 0:00,17.8
08/08/20 0:00,09/08/20 0:00,15.66
09/08/20 0:00,10/08/20 0:00,10.54
10/08/20 0:00,11/08/20 0:00,7.13
11/08/20 0:00,12/08/20 0:00,12.53
12/08/20 0:00,13/08/20 0:00,17.03
13/08/20 0:00,14/08/20 0:00,7.9
14/08/20 0:00,15/08/20 0:00,6.63
15/08/20 0:00,16/08/20 0:00,9.78
16/08/20 0:00,17/08/20 0:00,12.93
17/08/20 0:00,18/08/20 0:00,10.35
18/08/20 0:00,19/08/20 0:00,14.58
19/08/20 0:00,20/08/20 0:00,10.71
20/08/20 0:00,21/08/20 0:00,4.82
21/08/20 0:00,22/08/20 0:00,7.25
22/08/20 0:00,23/08/20 0:00,17.27
23/08/20 0:00,24/08/20 0:00,22.92
24/08/20 0:00,25/08/20 0:00,26.52
25/08/20 0:00,26/08/20 0:00,23.59
26/08/20 0:00,27/08/20 0:00,9.53
27/08/20 0:00,28/08/20 0:00,8.82
28/08/20 0:00,29/08/20 0:00,18.3
29/08/20 0:00,30/08/20 0:00,20.09
30/08/20 0:00,31/08/20 0:00,21.19
31/08/20 0:00,01/09/20 0:00,25.08
01/09/20 0:00,02/09/20 0:00,25.28
02/09/20 0:00,03/09/20 0:00,15.93
03/09/20 0:00,04/09/20 0:00,12.62
04/09/20 0:00,05/09/20 0:00,14.91
05/09/20 0:00,06/09/20 0:00,13.82
06/09/20 0:00,07/09/20 0:00,11.75
07/09/20 0:00,08/09/20 0:00,8.45
08/09/20 0:00,09/09/20 0:00,10.21
09/09/20 0:00,10/09/20 0:00,21.69
10/09/20 0:00,11/09/20 0:00,17.11
11/09/20 0:00,12/09/20 0:00,9.76
12/09/20 0:00,13/09/20 0:00,8.59
13/09/20 0:00,14/09/20 0:00,6.27
14/09/20 0:00,15/09/20 0:00,7.22
15/09/20 0:00,16/09/20 0:00,7.53
16/09/20 0:00,17/09/20 0:00,9.76
17/09/20 0:00,18/09/20 0:00,10.9
18/09/20 0:00,19/09/20 0:00,13.99
19/09/20 0:00,20/09/20 0:00,21.46
20/09/20 0:00,21/09/20 0:00,20.57
21/09/20 0:00,22/09/20 0:00,8.92
22/09/20 0:00,23/09/20 0:00,10.3
23/09/20 0:00,24/09/20 0:00,9.07
24/09/20 0:00,25/09/20 0:00,11.87
25/09/20 0:00,26/09/20 0:00,14.82
26/09/20 0:00,27/09/20 0:00,20.45
27/09/20 0:00,28/09/20 0:00,25.33
28/09/20 0:00,29/09/20 0:00,50.93
29/09/20 0:00,30/09/20 0:00,24.17
30/09/20 0:00,01/10/20 0:00,17.58
01/10/20 0:00,02/10/20 0:00,14.02
02/10/20 0:00,03/10/20 0:00,9.83
03/10/20 0:00,04/10/20 0:00,14.83
04/10/20 0:00,05/10/20 0:00,20.5
05/10/20 0:00,06/10/20 0:00,17.22
06/10/20 0:00,07/10/20 0:00,12.48
07/10/20 0:00,08/10/20 0:00,12.86
08/10/20 0:00,09/10/20 0:00,23.22
09/10/20 0:00,10/10/20 0:00,31.67
10/10/20 0:00,11/10/20 0:00,21.97
11/10/20 0:00,12/10/20 0:00,31.34
12/10/20 0:00,13/10/20 0:00,41.99
13/10/20 0:00,14/10/20 0:00,40.45
14/10/20 0:00,15/10/20 0:00,12.34
15/10/20 0:00,16/10/20 0:00,9.84
16/10/20 0:00,17/10/20 0:00,34.94
17/10/20 0:00,18/10/20 0:00,49.25
18/10/20 0:00,19/10/20 0:00,57.61
19/10/20 0:00,20/10/20 0:00,33.41
20/10/20 0:00,21/10/20 0:00,48.19
21/10/20 0:00,22/10/20 0:00,9.01
22/10/20 0:00,23/10/20 0:00,6.01
23/10/20 0:00,24/10/20 0:00,8.17
24/10/20 0:00,25/10/20 0:00,12.13
25/10/20 0:00,26/10/20 0:00,32.36
26/10/20 0:00,27/10/20 0:00,58.86
27/10/20 0:00,28/10/20 0:00,67.61
28/10/20 0:00,29/10/20 0:00,77.4
29/10/20 0:00,30/10/20 0:00,62.85
30/10/20 0:00,31/10/20 0:00,44.98
31/10/20 0:00,01/11/20 0:00,51.86
01/11/20 0:00,02/11/20 0:00,12.64
02/11/20 0:00,03/11/20 0:00,14.16
03/11/20 0:00,04/11/20 0:00,83.59
04/11/20 0:00,05/11/20 0:00,97.47
05/11/20 0:00,06/11/20 0:00,92.73
06/11/20 0:00,07/11/20 0:00,108.99
07/11/20 0:00,08/11/20 0:00,101.68
08/11/20 0:00,09/11/20 0:00,84.12
09/11/20 0:00,10/11/20 0:00,64.07
10/11/20 0:00,11/11/20 0:00,55.18
11/11/20 0:00,12/11/20 0:00,39.24
12/11/20 0:00,13/11/20 0:00,51.3
13/11/20 0:00,14/11/20 0:00,50.96
14/11/20 0:00,15/11/20 0:00,62.73
15/11/20 0:00,16/11/20 0:00,95.56
16/11/20 0:00,17/11/20 0:00,88.87
17/11/20 0:00,18/11/20 0:00,111
18/11/20 0:00,19/11/20 0:00,96.15
19/11/20 0:00,20/11/20 0:00,57.81
20/11/20 0:00,21/11/20 0:00,65.95
21/11/20 0:00,22/11/20 0:00,102.81
22/11/20 0:00,23/11/20 0:00,77.27
23/11/20 0:00,24/11/20 0:00,80.07
24/11/20 0:00,25/11/20 0:00,90.79
25/11/20 0:00,26/11/20 0:00,83.96
26/11/20 0:00,27/11/20 0:00,100.4
27/11/20 0:00,28/11/20 0:00,69.38
28/11/20 0:00,29/11/20 0:00,73.76
29/11/20 0:00,30/11/20 0:00,94.29
30/11/20 0:00,01/12/20 0:00,91.57
01/12/20 0:00,02/12/20 0:00,122.74
02/12/20 0:00,03/12/20 0:00,136.83
03/12/20 0:00,04/12/20 0:00,149.3
04/12/20 0:00,05/12/20 0:00,140.97
05/12/20 0:00,06/12/20 0:00,117.78
06/12/20 0:00,07/12/20 0:00,105.86
07/12/20 0:00,08/12/20 0:00,86.47
08/12/20 0:00,09/12/20 0:00,152.25
09/12/20 0:00,10/12/20 0:00,139.58
10/12/20 0:00,11/12/20 0:00,134.02
11/12/20 0:00,12/12/20 0:00,118.22
12/12/20 0:00,13/12/20 0:00,118.18
13/12/20 0:00,14/12/20 0:00,117.07
14/12/20 0:00,15/12/20 0:00,127.4
15/12/20 0:00,16/12/20 0:00,109.36
16/12/20 0:00,17/12/20 0:00,99.43
17/12/20 0:00,18/12/20 0:00,114.95
18/12/20 0:00,19/12/20 0:00,106.05
19/12/20 0:00,20/12/20 0:00,96.66
20/12/20 0:00,21/12/20 0:00,120.48
21/12/20 0:00,22/12/20 0:00,150.58
22/12/20 0:00,23/12/20 0:00,175.67
23/12/20 0:00,24/12/20 0:00,149.66
24/12/20 0:00,25/12/20 0:00,138.33
25/12/20 0:00,26/12/20 0:00,141.32
26/12/20 0:00,27/12/20 0:00,137.9
27/12/20 0:00,28/12/20 0:00,138.26
28/12/20 0:00,29/12/20 0:00,155.48
29/12/20 0:00,30/12/20 0:00,230.83
30/12/20 0:00,31/12/20 0:00,146.86
31/12/20 0:00,01/01/21 0:00,120.03
01/01/21 0:00,02/01/21 0:00,118.81
02/01/21 0:00,03/01/21 0:00,151.04
03/01/21 0:00,04/01/21 0:00,169.84
04/01/21 0:00,05/01/21 0:00,142.98
05/01/21 0:00,06/01/21 0:00,111.92
06/01/21 0:00,07/01/21 0:00,141.39
07/01/21 0:00,08/01/21 0:00,142.71
08/01/21 0:00,09/01/21 0:00,111.12
09/01/21 0:00,10/01/21 0:00,85.12
10/01/21 0:00,11/01/21 0:00,79.07
11/01/21 0:00,12/01/21 0:00,87.47
12/01/21 0:00,13/01/21 0:00,78.55
13/01/21 0:00,14/01/21 0:00,85.09
14/01/21 0:00,15/01/21 0:00,88.02
15/01/21 0:00,16/01/21 0:00,98.2
16/01/21 0:00,17/01/21 0:00,127.54
17/01/21 0:00,18/01/21 0:00,136.51
18/01/21 0:00,19/01/21 0:00,134.13
19/01/21 0:00,20/01/21 0:00,126.32
20/01/21 0:00,21/01/21 0:00,93.31
21/01/21 0:00,22/01/21 0:00,104.08
22/01/21 0:00,23/01/21 0:00,96.66
23/01/21 0:00,24/01/21 0:00,112.83
24/01/21 0:00,25/01/21 0:00,105.32
25/01/21 0:00,26/01/21 0:00,110.66
26/01/21 0:00,27/01/21 0:00,102.66
27/01/21 0:00,28/01/21 0:00,100.94
28/01/21 0:00,29/01/21 0:00,92.36
29/01/21 0:00,30/01/21 0:00,111.23
30/01/21 0:00,31/01/21 0:00,116.08
31/01/21 0:00,01/02/21 0:00,111.09
01/02/21 0:00,02/02/21 0:00,100.27
02/02/21 0:00,03/02/21 0:00,114.5
03/02/21 0:00,04/02/21 0:00,148.24
04/02/21 0:00,05/02/21 0:00,131.92
05/02/21 0:00,06/02/21 0:00,118.81
06/02/21 0:00,07/02/21 0:00,122.47
07/02/21 0:00,08/02/21 0:00,48.62
08/02/21 0:00,09/02/21 0:00,72.38
09/02/21 0:00,10/02/21 0:00,109.48
10/02/21 0:00,11/02/21 0:00,135.53
11/02/21 0:00,12/02/21 0:00,89.58
12/02/21 0:00,13/02/21 0:00,83.64
13/02/21 0:00,14/02/21 0:00,96.39
14/02/21 0:00,15/02/21 0:00,78.6
15/02/21 0:00,16/02/21 0:00,66.35
16/02/21 0:00,17/02/21 0:00,85.28
17/02/21 0:00,18/02/21 0:00,107.33
18/02/21 0:00,19/02/21 0:00,100.08
19/02/21 0:00,20/02/21 0:00,122.87
20/02/21 0:00,21/02/21 0:00,101.47
21/02/21 0:00,22/02/21 0:00,109.97
22/02/21 0:00,23/02/21 0:00,110.2
23/02/21 0:00,24/02/21 0:00,91.77
24/02/21 0:00,25/02/21 0:00,81.86
25/02/21 0:00,26/02/21 0:00,89.84
26/02/21 0:00,27/02/21 0:00,70.68
27/02/21 0:00,28/02/21 0:00,59.21
28/02/21 0:00,01/03/21 0:00,53.8
01/03/21 0:00,02/03/21 0:00,51.85
02/03/21 0:00,03/03/21 0:00,63.54
03/03/21 0:00,04/03/21 0:00,56.57
04/03/21 0:00,05/03/21 0:00,88.06
05/03/21 0:00,06/03/21 0:00,53.93
06/03/21 0:00,07/03/21 0:00,59.51
07/03/21 0:00,08/03/21 0:00,64.94
08/03/21 0:00,09/03/21 0:00,54.5
09/03/21 0:00,10/03/21 0:00,31.3
10/03/21 0:00,11/03/21 0:00,23.75
11/03/21 0:00,12/03/21 0:00,32.89
12/03/21 0:00,13/03/21 0:00,34.35
13/03/21 0:00,14/03/21 0:00,59.37
14/03/21 0:00,15/03/21 0:00,55.27
15/03/21 0:00,16/03/21 0:00,53.99
16/03/21 0:00,17/03/21 0:00,63.9
17/03/21 0:00,18/03/21 0:00,76.88
18/03/21 0:00,19/03/21 0:00,74.8
19/03/21 0:00,20/03/21 0:00,86.59
20/03/21 0:00,21/03/21 0:00,97
21/03/21 0:00,22/03/21 0:00,77.6
22/03/21 0:00,23/03/21 0:00,81.39
23/03/21 0:00,24/03/21 0:00,83.78
24/03/21 0:00,25/03/21 0:00,70.17
25/03/21 0:00,26/03/21 0:00,54.91
26/03/21 0:00,27/03/21 0:00,72.26
27/03/21 0:00,28/03/21 0:00,68.4
28/03/21 0:00,29/03/21 0:00,67.84
29/03/21 0:00,30/03/21 0:00,51.16
30/03/21 0:00,31/03/21 0:00,50.78
31/03/21 0:00,01/04/21 0:00,59.44
01/04/21 0:00,02/04/21 0:00,58.05
02/04/21 0:00,03/04/21 0:00,48.02
03/04/21 0:00,04/04/21 0:00,40.19
04/04/21 0:00,05/04/21 0:00,39.6
05/04/21 0:00,06/04/21 0:00,42.08
06/04/21 0:00,07/04/21 0:00,37.94
07/04/21 0:00,08/04/21 0:00,31.32
08/04/21 0:00,09/04/21 0:00,32.14
09/04/21 0:00,10/04/21 0:00,35.53
10/04/21 0:00,11/04/21 0:00,38.53
11/04/21 0:00,12/04/21 0:00,33.97
12/04/21 0:00,13/04/21 0:00,35.77
13/04/21 0:00,14/04/21 0:00,28.56
14/04/21 0:00,15/04/21 0:00,29.49
15/04/21 0:00,16/04/21 0:00,33.39
16/04/21 0:00,17/04/21 0:00,34.56
17/04/21 0:00,18/04/21 0:00,20.27
18/04/21 0:00,19/04/21 0:00,16.24
19/04/21 0:00,20/04/21 0:00,25.55
20/04/21 0:00,21/04/21 0:00,27.25
21/04/21 0:00,22/04/21 0:00,23.23
22/04/21 0:00,23/04/21 0:00,38.73
23/04/21 0:00,24/04/21 0:00,61.17
24/04/21 0:00,25/04/21 0:00,53.74
25/04/21 0:00,26/04/21 0:00,38.89
26/04/21 0:00,27/04/21 0:00,37.51
27/04/21 0:00,28/04/21 0:00,33.73
28/04/21 0:00,29/04/21 0:00,32.25
29/04/21 0:00,30/04/21 0:00,26.38
30/04/21 0:00,01/05/21 0:00,31.19
01/05/21 0:00,02/05/21 0:00,28.7
02/05/21 0:00,03/05/21 0:00,28.01
03/05/21 0:00,04/05/21 0:00,28.88
04/05/21 0:00,05/05/21 0:00,25.39
05/05/21 0:00,06/05/21 0:00,25.26
06/05/21 0:00,07/05/21 0:00,16.01
07/05/21 0:00,08/05/21 0:00,17.2
08/05/21 0:00,09/05/21 0:00,20.23
09/05/21 0:00,10/05/21 0:00,16.5
10/05/21 0:00,11/05/21 0:00,20.54
11/05/21 0:00,12/05/21 0:00,12.71
12/05/21 0:00,13/05/21 0:00,19.96
13/05/21 0:00,14/05/21 0:00,22.68
14/05/21 0:00,15/05/21 0:00,25.61
15/05/21 0:00,16/05/21 0:00,21.58
16/05/21 0:00,17/05/21 0:00,10.67
17/05/21 0:00,18/05/21 0:00,12.88
18/05/21 0:00,19/05/21 0:00,13.62
19/05/21 0:00,20/05/21 0:00,15.65
20/05/21 0:00,21/05/21 0:00,12.14
21/05/21 0:00,22/05/21 0:00,11.25
22/05/21 0:00,23/05/21 0:00,16.42
23/05/21 0:00,24/05/21 0:00,27.87
24/05/21 0:00,25/05/21 0:00,25.43
25/05/21 0:00,26/05/21 0:00,12.36
26/05/21 0:00,27/05/21 0:00,15.07
27/05/21 0:00,28/05/21 0:00,16.77
28/05/21 0:00,29/05/21 0:00,19.25
29/05/21 0:00,30/05/21 0:00,26.96
30/05/21 0:00,31/05/21 0:00,24.3
31/05/21 0:00,01/06/21 0:00,16.99
01/06/21 0:00,02/06/21 0:00,24.51
02/06/21 0:00,03/06/21 0:00,16.9
03/06/21 0:00,04/06/21 0:00,18.65
04/06/21 0:00,05/06/21 0:00,21.67
05/06/21 0:00,06/06/21 0:00,22.33
06/06/21 0:00,07/06/21 0:00,22.37
07/06/21 0:00,08/06/21 0:00,19.66
08/06/21 0:00,09/06/21 0:00,14.67
09/06/21 0:00,10/06/21 0:00,23.77
10/06/21 0:00,11/06/21 0:00,19.59
11/06/21 0:00,12/06/21 0:00,17.91
12/06/21 0:00,13/06/21 0:00,17.19
13/06/21 0:00,14/06/21 0:00,15.99
14/06/21 0:00,15/06/21 0:00,21.45
15/06/21 0:00,16/06/21 0:00,19.55
16/06/21 0:00,17/06/21 0:00,18.92
17/06/21 0:00,18/06/21 0:00,16.34
18/06/21 0:00,19/06/21 0:00,14.61
19/06/21 0:00,20/06/21 0:00,16.18
20/06/21 0:00,21/06/21 0:00,20.91
21/06/21 0:00,22/06/21 0:00,25.55
22/06/21 0:00,23/06/21 0:00,18.4
23/06/21 0:00,24/06/21 0:00,19.84
24/06/21 0:00,25/06/21 0:00,20.88
25/06/21 0:00,26/06/21 0:00,26.98
26/06/21 0:00,27/06/21 0:00,19.68
27/06/21 0:00,28/06/21 0:00,15.51
28/06/21 0:00,29/06/21 0:00,22.81
29/06/21 0:00,30/06/21 0:00,18.93
30/06/21 0:00,01/07/21 0:00,20.41
01/07/21 0:00,02/07/21 0:00,17.44
02/07/21 0:00,03/07/21 0:00,19.33
03/07/21 0:00,04/07/21 0:00,19.76
04/07/21 0:00,05/07/21 0:00,23.37
05/07/21 0:00,06/07/21 0:00,26.87
06/07/21 0:00,07/07/21 0:00,42.02
07/07/21 0:00,08/07/21 0:00,32.26
08/07/21 0:00,09/07/21 0:00,17.89
09/07/21 0:00,10/07/21 0:00,23.09
10/07/21 0:00,11/07/21 0:00,29.08
11/07/21 0:00,12/07/21 0:00,10.41
12/07/21 0:00,13/07/21 0:00,7.99
13/07/21 0:00,14/07/21 0:00,12.29
14/07/21 0:00,15/07/21 0:00,10.09
15/07/21 0:00,16/07/21 0:00,13.43
16/07/21 0:00,17/07/21 0:00,15.05
17/07/21 0:00,18/07/21 0:00,15.77
18/07/21 0:00,19/07/21 0:00,13.17
19/07/21 0:00,20/07/21 0:00,16.16
20/07/21 0:00,21/07/21 0:00,26.04
21/07/21 0:00,22/07/21 0:00,30.09
22/07/21 0:00,23/07/21 0:00,11.36
23/07/21 0:00,24/07/21 0:00,12.66
24/07/21 0:00,25/07/21 0:00,12.01
25/07/21 0:00,26/07/21 0:00,22.37
26/07/21 0:00,27/07/21 0:00,30.41
27/07/21 0:00,28/07/21 0:00,27.4
28/07/21 0:00,29/07/21 0:00,17.85
29/07/21 0:00,30/07/21 0:00,9.44
30/07/21 0:00,31/07/21 0:00,11.9
31/07/21 0:00,01/08/21 0:00,14.95
01/08/21 0:00,02/08/21 0:00,19.9
02/08/21 0:00,03/08/21 0:00,25.99
03/08/21 0:00,04/08/21 0:00,29.04
04/08/21 0:00,05/08/21 0:00,34.79
05/08/21 0:00,06/08/21 0:00,27.66
06/08/21 0:00,07/08/21 0:00,33.58
07/08/21 0:00,08/08/21 0:00,25.4
08/08/21 0:00,09/08/21 0:00,20.14
09/08/21 0:00,10/08/21 0:00,23.61
10/08/21 0:00,11/08/21 0:00,21.47
11/08/21 0:00,12/08/21 0:00,26.45
12/08/21 0:00,13/08/21 0:00,30.75
13/08/21 0:00,14/08/21 0:00,27.4
14/08/21 0:00,15/08/21 0:00,29.02
15/08/21 0:00,16/08/21 0:00,16.25
16/08/21 0:00,17/08/21 0:00,15.29
17/08/21 0:00,18/08/21 0:00,13.25
18/08/21 0:00,19/08/21 0:00,12.46
19/08/21 0:00,20/08/21 0:00,9.49
20/08/21 0:00,21/08/21 0:00,5.96
21/08/21 0:00,22/08/21 0:00,8.72
22/08/21 0:00,23/08/21 0:00,10.47
23/08/21 0:00,24/08/21 0:00,12.23
24/08/21 0:00,25/08/21 0:00,22.19
25/08/21 0:00,26/08/21 0:00,21.53
26/08/21 0:00,27/08/21 0:00,22.94
27/08/21 0:00,28/08/21 0:00,21.74
28/08/21 0:00,29/08/21 0:00,10.39
29/08/21 0:00,30/08/21 0:00,6.96
30/08/21 0:00,31/08/21 0:00,9.76
31/08/21 0:00,01/09/21 0:00,13.95
01/09/21 0:00,02/09/21 0:00,21.19
02/09/21 0:00,03/09/21 0:00,17.95
03/09/21 0:00,04/09/21 0:00,18.91
04/09/21 0:00,05/09/21 0:00,27.29
05/09/21 0:00,06/09/21 0:00,22.1
06/09/21 0:00,07/09/21 0:00,12.65
07/09/21 0:00,08/09/21 0:00,13.94
08/09/21 0:00,09/09/21 0:00,12.36
09/09/21 0:00,10/09/21 0:00,14.61
10/09/21 0:00,11/09/21 0:00,30.68
11/09/21 0:00,12/09/21 0:00,14.54
12/09/21 0:00,13/09/21 0:00,12.41
13/09/21 0:00,14/09/21 0:00,12.09
14/09/21 0:00,15/09/21 0:00,10.4
15/09/21 0:00,16/09/21 0:00,9.28
16/09/21 0:00,17/09/21 0:00,11.55
17/09/21 0:00,18/09/21 0:00,21.91
18/09/21 0:00,19/09/21 0:00,20.29
19/09/21 0:00,20/09/21 0:00,29.9
20/09/21 0:00,21/09/21 0:00,15.34
21/09/21 0:00,22/09/21 0:00,12.5
22/09/21 0:00,23/09/21 0:00,16.4
23/09/21 0:00,24/09/21 0:00,16.67
24/09/21 0:00,25/09/21 0:00,30.17
25/09/21 0:00,26/09/21 0:00,46.67
26/09/21 0:00,27/09/21 0:00,19.6
27/09/21 0:00,28/09/21 0:00,14.17
28/09/21 0:00,29/09/21 0:00,5.55
29/09/21 0:00,30/09/21 0:00,7.56
30/09/21 0:00,01/10/21 0:00,8.95
01/10/21 0:00,02/10/21 0:00,6.84
02/10/21 0:00,03/10/21 0:00,8.37
03/10/21 0:00,04/10/21 0:00,11.98
04/10/21 0:00,05/10/21 0:00,21.49
05/10/21 0:00,06/10/21 0:00,14.72
06/10/21 0:00,07/10/21 0:00,17.61
07/10/21 0:00,08/10/21 0:00,21.95
08/10/21 0:00,09/10/21 0:00,37.95
09/10/21 0:00,10/10/21 0:00,47.92
10/10/21 0:00,11/10/21 0:00,44.53
11/10/21 0:00,12/10/21 0:00,54.69
12/10/21 0:00,13/10/21 0:00,59.73
13/10/21 0:00,14/10/21 0:00,56
14/10/21 0:00,15/10/21 0:00,23.59
15/10/21 0:00,16/10/21 0:00,23.86
16/10/21 0:00,17/10/21 0:00,6.96
17/10/21 0:00,18/10/21 0:00,5.72
18/10/21 0:00,19/10/21 0:00,6.3
19/10/21 0:00,20/10/21 0:00,7.76
20/10/21 0:00,21/10/21 0:00,15.52
21/10/21 0:00,22/10/21 0:00,36.44
22/10/21 0:00,23/10/21 0:00,42.46
23/10/21 0:00,24/10/21 0:00,72.29
24/10/21 0:00,25/10/21 0:00,65.48
25/10/21 0:00,26/10/21 0:00,66.16
26/10/21 0:00,27/10/21 0:00,64.01
27/10/21 0:00,28/10/21 0:00,48.8
28/10/21 0:00,29/10/21 0:00,46.58
29/10/21 0:00,30/10/21 0:00,52.46
30/10/21 0:00,31/10/21 0:00,46.34
31/10/21 0:00,01/11/21 0:00,51.35
01/11/21 0:00,02/11/21 0:00,66.42
02/11/21 0:00,03/11/21 0:00,63.8
03/11/21 0:00,04/11/21 0:00,53.3
04/11/21 0:00,05/11/21 0:00,84.43
05/11/21 0:00,06/11/21 0:00,84.16
06/11/21 0:00,07/11/21 0:00,62.67
07/11/21 0:00,08/11/21 0:00,66.71
08/11/21 0:00,09/11/21 0:00,64.86
09/11/21 0:00,10/11/21 0:00,68.74
10/11/21 0:00,11/11/21 0:00,66.78
11/11/21 0:00,12/11/21 0:00,60.64
12/11/21 0:00,13/11/21 0:00,54.3
13/11/21 0:00,14/11/21 0:00,38.79
14/11/21 0:00,15/11/21 0:00,35.13
15/11/21 0:00,16/11/21 0:00,31.37
16/11/21 0:00,17/11/21 0:00,51.46
17/11/21 0:00,18/11/21 0:00,63.5
18/11/21 0:00,19/11/21 0:00,58.06
19/11/21 0:00,20/11/21 0:00,67.78
20/11/21 0:00,21/11/21 0:00,72.27
21/11/21 0:00,22/11/21 0:00,84.8
22/11/21 0:00,23/11/21 0:00,106.47
23/11/21 0:00,24/11/21 0:00,82.2
24/11/21 0:00,25/11/21 0:00,67.84
25/11/21 0:00,26/11/21 0:00,74.33
26/11/21 0:00,27/11/21 0:00,71.72
27/11/21 0:00,28/11/21 0:00,90.43
28/11/21 0:00,29/11/21 0:00,89.49
29/11/21 0:00,30/11/21 0:00,70
30/11/21 0:00,01/12/21 0:00,71.79
01/12/21 0:00,02/12/21 0:00,69.2
02/12/21 0:00,03/12/21 0:00,93.1
03/12/21 0:00,04/12/21 0:00,83.16
04/12/21 0:00,05/12/21 0:00,69.51
05/12/21 0:00,06/12/21 0:00,32.12
06/12/21 0:00,07/12/21 0:00,5.65
07/12/21 0:00,08/12/21 0:00,21.54
08/12/21 0:00,09/12/21 0:00,39.53
09/12/21 0:00,10/12/21 0:00,46.36
10/12/21 0:00,11/12/21 0:00,44.89
11/12/21 0:00,12/12/21 0:00,94.73
12/12/21 0:00,13/12/21 0:00,79.12
13/12/21 0:00,14/12/21 0:00,95.36
14/12/21 0:00,15/12/21 0:00,105.27
15/12/21 0:00,16/12/21 0:00,112.19
16/12/21 0:00,17/12/21 0:00,110.49
17/12/21 0:00,18/12/21 0:00,84.96
18/12/21 0:00,19/12/21 0:00,111.52
19/12/21 0:00,20/12/21 0:00,60.12
20/12/21 0:00,21/12/21 0:00,63.5
21/12/21 0:00,22/12/21 0:00,86.29
22/12/21 0:00,23/12/21 0:00,80.93
23/12/21 0:00,24/12/21 0:00,90.16
24/12/21 0:00,25/12/21 0:00,99.08
25/12/21 0:00,26/12/21 0:00,112.57
26/12/21 0:00,27/12/21 0:00,40.23
27/12/21 0:00,28/12/21 0:00,51.24
28/12/21 0:00,29/12/21 0:00,70.52
29/12/21 0:00,30/12/21 0:00,100.23
30/12/21 0:00,31/12/21 0:00,102.36
31/12/21 0:00,01/01/22 0:00,67.9
01/01/22 0:00,02/01/22 0:00,86.34
02/01/22 0:00,03/01/22 0:00,83.82
03/01/22 0:00,04/01/22 0:00,78.08
04/01/22 0:00,05/01/22 0:00,110.09
05/01/22 0:00,06/01/22 0:00,113.51
06/01/22 0:00,07/01/22 0:00,104.52
07/01/22 0:00,08/01/22 0:00,118.25
08/01/22 0:00,09/01/22 0:00,92.28
09/01/22 0:00,10/01/22 0:00,118.82
10/01/22 0:00,11/01/22 0:00,109.51
11/01/22 0:00,12/01/22 0:00,100.84
12/01/22 0:00,13/01/22 0:00,47.47
13/01/22 0:00,14/01/22 0:00,61.45
14/01/22 0:00,15/01/22 0:00,54.9
15/01/22 0:00,16/01/22 0:00,60.53
16/01/22 0:00,17/01/22 0:00,68.42
17/01/22 0:00,18/01/22 0:00,75.76
18/01/22 0:00,19/01/22 0:00,88.3
19/01/22 0:00,20/01/22 0:00,98.09
20/01/22 0:00,21/01/22 0:00,112.16
21/01/22 0:00,22/01/22 0:00,138.46
22/01/22 0:00,23/01/22 0:00,89.68
23/01/22 0:00,24/01/22 0:00,102.38
24/01/22 0:00,25/01/22 0:00,74.42
25/01/22 0:00,26/01/22 0:00,84.56
26/01/22 0:00,27/01/22 0:00,85.31
27/01/22 0:00,28/01/22 0:00,73.61
28/01/22 0:00,29/01/22 0:00,77.65
29/01/22 0:00,30/01/22 0:00,89.9
30/01/22 0:00,31/01/22 0:00,117.51
31/01/22 0:00,01/02/22 0:00,84.92
01/02/22 0:00,02/02/22 0:00,63.29
02/02/22 0:00,03/02/22 0:00,67.64
03/02/22 0:00,04/02/22 0:00,42.38
04/02/22 0:00,05/02/22 0:00,23.08
05/02/22 0:00,06/02/22 0:00,38.33
06/02/22 0:00,07/02/22 0:00,55.05
07/02/22 0:00,08/02/22 0:00,54.65
08/02/22 0:00,09/02/22 0:00,73.9
09/02/22 0:00,10/02/22 0:00,81.61
10/02/22 0:00,11/02/22 0:00,62.28
11/02/22 0:00,12/02/22 0:00,91.11
12/02/22 0:00,13/02/22 0:00,59.99
13/02/22 0:00,14/02/22 0:00,60.62
14/02/22 0:00,15/02/22 0:00,70.89
15/02/22 0:00,16/02/22 0:00,97.38
16/02/22 0:00,17/02/22 0:00,103.35
17/02/22 0:00,18/02/22 0:00,116.98
18/02/22 0:00,19/02/22 0:00,99.69
19/02/22 0:00,20/02/22 0:00,103.11
20/02/22 0:00,21/02/22 0:00,80.38
21/02/22 0:00,22/02/22 0:00,66.54
22/02/22 0:00,23/02/22 0:00,67.42
23/02/22 0:00,24/02/22 0:00,74.06
24/02/22 0:00,25/02/22 0:00,51.96
25/02/22 0:00,26/02/22 0:00,111.71
26/02/22 0:00,27/02/22 0:00,114.98
27/02/22 0:00,28/02/22 0:00,93.67
28/02/22 0:00,01/03/22 0:00,54.33
01/03/22 0:00,02/03/22 0:00,81.49
02/03/22 0:00,03/03/22 0:00,93.01
03/03/22 0:00,04/03/22 0:00,94.1
04/03/22 0:00,05/03/22 0:00,102.72
05/03/22 0:00,06/03/22 0:00,86.4
06/03/22 0:00,07/03/22 0:00,66.07
07/03/22 0:00,08/03/22 0:00,75.75
08/03/22 0:00,09/03/22 0:00,81.13
09/03/22 0:00,10/03/22 0:00,96.58
10/03/22 0:00,11/03/22 0:00,109.45
11/03/22 0:00,12/03/22 0:00,85.34
12/03/22 0:00,13/03/22 0:00,84.24
13/03/22 0:00,14/03/22 0:00,82.16
14/03/22 0:00,15/03/22 0:00,91.23
15/03/22 0:00,16/03/22 0:00,81.31
16/03/22 0:00,17/03/22 0:00,54.47
17/03/22 0:00,18/03/22 0:00,43.54
18/03/22 0:00,19/03/22 0:00,41.19
19/03/22 0:00,20/03/22 0:00,38.57
20/03/22 0:00,21/03/22 0:00,34.92
21/03/22 0:00,22/03/22 0:00,35.41
22/03/22 0:00,23/03/22 0:00,32.75
23/03/22 0:00,24/03/22 0:00,43.13
24/03/22 0:00,25/03/22 0:00,40.2
25/03/22 0:00,26/03/22 0:00,35.74
26/03/22 0:00,27/03/22 0:00,35.03
27/03/22 0:00,28/03/22 0:00,42.35
28/03/22 0:00,29/03/22 0:00,43.56
29/03/22 0:00,30/03/22 0:00,39.62
30/03/22 0:00,31/03/22 0:00,28.01
31/03/22 0:00,01/04/22 0:00,25.18
01/04/22 0:00,02/04/22 0:00,29.41
02/04/22 0:00,03/04/22 0:00,21.83
03/04/22 0:00,04/04/22 0:00,20.57
04/04/22 0:00,05/04/22 0:00,17.72
05/04/22 0:00,06/04/22 0:00,17.62
06/04/22 0:00,07/04/22 0:00,23.72
07/04/22 0:00,08/04/22 0:00,26.55
08/04/22 0:00,09/04/22 0:00,19.77
09/04/22 0:00,10/04/22 0:00,11.16
10/04/22 0:00,11/04/22 0:00,14.18
11/04/22 0:00,12/04/22 0:00,16.31
12/04/22 0:00,13/04/22 0:00,16.64
13/04/22 0:00,14/04/22 0:00,14.24
14/04/22 0:00,15/04/22 0:00,19.84
15/04/22 0:00,16/04/22 0:00,39.5
16/04/22 0:00,17/04/22 0:00,22.48
17/04/22 0:00,18/04/22 0:00,19.41
18/04/22 0:00,19/04/22 0:00,18.26
19/04/22 0:00,20/04/22 0:00,15.21
20/04/22 0:00,21/04/22 0:00,18.71
21/04/22 0:00,22/04/22 0:00,17.75
22/04/22 0:00,23/04/22 0:00,19.09
23/04/22 0:00,24/04/22 0:00,31.71
24/04/22 0:00,25/04/22 0:00,33.03
25/04/22 0:00,26/04/22 0:00,29.46
26/04/22 0:00,27/04/22 0:00,26.52
27/04/22 0:00,28/04/22 0:00,28.36
28/04/22 0:00,29/04/22 0:00,27.98
29/04/22 0:00,30/04/22 0:00,32.2
30/04/22 0:00,01/05/22 0:00,30.06
01/05/22 0:00,02/05/22 0:00,23
02/05/22 0:00,03/05/22 0:00,18.44
03/05/22 0:00,04/05/22 0:00,14.73
04/05/22 0:00,05/05/22 0:00,19.51
05/05/22 0:00,06/05/22 0:00,21.94
06/05/22 0:00,07/05/22 0:00,28.67
07/05/22 0:00,08/05/22 0:00,29.55
08/05/22 0:00,09/05/22 0:00,27.17
09/05/22 0:00,10/05/22 0:00,7.85
10/05/22 0:00,11/05/22 0:00,13.31
11/05/22 0:00,12/05/22 0:00,16.95
12/05/22 0:00,13/05/22 0:00,29.12
13/05/22 0:00,14/05/22 0:00,29.22
14/05/22 0:00,15/05/22 0:00,21.91
15/05/22 0:00,16/05/22 0:00,18.61
16/05/22 0:00,17/05/22 0:00,22.83
17/05/22 0:00,18/05/22 0:00,13.98
18/05/22 0:00,19/05/22 0:00,13.48
19/05/22 0:00,20/05/22 0:00,13.92
20/05/22 0:00,21/05/22 0:00,17.98
21/05/22 0:00,22/05/22 0:00,21.5
22/05/22 0:00,23/05/22 0:00,30.22
23/05/22 0:00,24/05/22 0:00,40.54
24/05/22 0:00,25/05/22 0:00,26.85
25/05/22 0:00,26/05/22 0:00,27.52
26/05/22 0:00,27/05/22 0:00,35.82
27/05/22 0:00,28/05/22 0:00,54.87
28/05/22 0:00,29/05/22 0:00,51.47
29/05/22 0:00,30/05/22 0:00,33.59
30/05/22 0:00,31/05/22 0:00,39.15
31/05/22 0:00,01/06/22 0:00,30.04
01/06/22 0:00,02/06/22 0:00,39.18
02/06/22 0:00,03/06/22 0:00,30.82
03/06/22 0:00,04/06/22 0:00,33.84
04/06/22 0:00,05/06/22 0:00,32.87
05/06/22 0:00,06/06/22 0:00,28.4
06/06/22 0:00,07/06/22 0:00,31.63
07/06/22 0:00,08/06/22 0:00,28.49
08/06/22 0:00,09/06/22 0:00,34.4
09/06/22 0:00,10/06/22 0:00,31.94
10/06/22 0:00,11/06/22 0:00,28.62
11/06/22 0:00,12/06/22 0:00,29.47
12/06/22 0:00,13/06/22 0:00,19.39
13/06/22 0:00,14/06/22 0:00,32.84
14/06/22 0:00,15/06/22 0:00,20.12
15/06/22 0:00,16/06/22 0:00,20.73
16/06/22 0:00,17/06/22 0:00,22.84
17/06/22 0:00,18/06/22 0:00,14.63
18/06/22 0:00,19/06/22 0:00,11.34
19/06/22 0:00,20/06/22 0:00,12.9
20/06/22 0:00,21/06/22 0:00,12.69
21/06/22 0:00,22/06/22 0:00,21.28
22/06/22 0:00,23/06/22 0:00,12.96
23/06/22 0:00,24/06/22 0:00,8.51
24/06/22 0:00,25/06/22 0:00,14.07
25/06/22 0:00,26/06/22 0:00,16.54
26/06/22 0:00,27/06/22 0:00,11.69
27/06/22 0:00,28/06/22 0:00,9.69
28/06/22 0:00,29/06/22 0:00,16.64
29/06/22 0:00,30/06/22 0:00,13.48
30/06/22 0:00,01/07/22 0:00,18.59
01/07/22 0:00,02/07/22 0:00,23.49
02/07/22 0:00,03/07/22 0:00,21.25
03/07/22 0:00,04/07/22 0:00,14.14
04/07/22 0:00,05/07/22 0:00,14.86
05/07/22 0:00,06/07/22 0:00,7.4
06/07/22 0:00,07/07/22 0:00,9.66
07/07/22 0:00,08/07/22 0:00,11.03
08/07/22 0:00,09/07/22 0:00,12.29
09/07/22 0:00,10/07/22 0:00,12.46
10/07/22 0:00,11/07/22 0:00,9.69
11/07/22 0:00,12/07/22 0:00,10.34
12/07/22 0:00,13/07/22 0:00,12.05
13/07/22 0:00,14/07/22 0:00,13.39
14/07/22 0:00,15/07/22 0:00,11.37
15/07/22 0:00,16/07/22 0:00,9.11
16/07/22 0:00,17/07/22 0:00,10.75
17/07/22 0:00,18/07/22 0:00,9.64
18/07/22 0:00,19/07/22 0:00,13.41
19/07/22 0:00,20/07/22 0:00,18.7
20/07/22 0:00,21/07/22 0:00,18.79
21/07/22 0:00,22/07/22 0:00,17.09
22/07/22 0:00,23/07/22 0:00,12.6
23/07/22 0:00,24/07/22 0:00,6.69
24/07/22 0:00,25/07/22 0:00,7.32
25/07/22 0:00,26/07/22 0:00,9.8
26/07/22 0:00,27/07/22 0:00,11.77
27/07/22 0:00,28/07/22 0:00,10.8
28/07/22 0:00,29/07/22 0:00,9.99
29/07/22 0:00,30/07/22 0:00,14.83
30/07/22 0:00,31/07/22 0:00,12.67
31/07/22 0:00,01/08/22 0:00,16.49
01/08/22 0:00,02/08/22 0:00,22.74
02/08/22 0:00,03/08/22 0:00,27.75
03/08/22 0:00,04/08/22 0:00,17.93
04/08/22 0:00,05/08/22 0:00,12.47
05/08/22 0:00,06/08/22 0:00,5.94
06/08/22 0:00,07/08/22 0:00,6.53
07/08/22 0:00,08/08/22 0:00,5.78
08/08/22 0:00,09/08/22 0:00,4.41
09/08/22 0:00,10/08/22 0:00,6.39
10/08/22 0:00,11/08/22 0:00,12.05
11/08/22 0:00,12/08/22 0:00,12.5
12/08/22 0:00,13/08/22 0:00,20.31
13/08/22 0:00,14/08/22 0:00,21.8
14/08/22 0:00,15/08/22 0:00,9.55
15/08/22 0:00,16/08/22 0:00,14.62
16/08/22 0:00,17/08/22 0:00,23.55
17/08/22 0:00,18/08/22 0:00,32.78
18/08/22 0:00,19/08/22 0:00,36.62
19/08/22 0:00,20/08/22 0:00,16.54
20/08/22 0:00,21/08/22 0:00,11.96
21/08/22 0:00,22/08/22 0:00,20.27
22/08/22 0:00,23/08/22 0:00,28.12
23/08/22 0:00,24/08/22 0:00,27.93
24/08/22 0:00,25/08/22 0:00,18.84
25/08/22 0:00,26/08/22 0:00,22.43
26/08/22 0:00,27/08/22 0:00,23.28
27/08/22 0:00,28/08/22 0:00,25.48
28/08/22 0:00,29/08/22 0:00,17.39
29/08/22 0:00,30/08/22 0:00,14.67
30/08/22 0:00,31/08/22 0:00,18.67
31/08/22 0:00,01/09/22 0:00,13.37
01/09/22 0:00,02/09/22 0:00,11.86
02/09/22 0:00,03/09/22 0:00,16.45
03/09/22 0:00,04/09/22 0:00,10.17
04/09/22 0:00,05/09/22 0:00,24.23
05/09/22 0:00,06/09/22 0:00,17.28
06/09/22 0:00,07/09/22 0:00,26.89
07/09/22 0:00,08/09/22 0:00,26.07
08/09/22 0:00,09/09/22 0:00,8.86
09/09/22 0:00,10/09/22 0:00,16.86
10/09/22 0:00,11/09/22 0:00,7.4
11/09/22 0:00,12/09/22 0:00,6.2
12/09/22 0:00,13/09/22 0:00,7.88
13/09/22 0:00,14/09/22 0:00,11.93
14/09/22 0:00,15/09/22 0:00,15.4
15/09/22 0:00,16/09/22 0:00,23.5
16/09/22 0:00,17/09/22 0:00,17.97
17/09/22 0:00,18/09/22 0:00,None
18/09/22 0:00,19/09/22 0:00,26.34
19/09/22 0:00,20/09/22 0:00,14.95
20/09/22 0:00,21/09/22 0:00,9.63
21/09/22 0:00,22/09/22 0:00,12.78
22/09/22 0:00,23/09/22 0:00,15.68
23/09/22 0:00,24/09/22 0:00,20.48
24/09/22 0:00,25/09/22 0:00,19.22
25/09/22 0:00,26/09/22 0:00,19.19
26/09/22 0:00,27/09/22 0:00,18.81
27/09/22 0:00,28/09/22 0:00,26.37
28/09/22 0:00,29/09/22 0:00,28.55
29/09/22 0:00,30/09/22 0:00,46.78
30/09/22 0:00,01/10/22 0:00,40.12